{
  "total_samples": 1090,
  "training_data_quality": {
    "average_score": 7.554128440366973,
    "min_score": 2,
    "max_score": 9,
    "score_distribution": {
      "1": 0,
      "2": 1,
      "3": 1,
      "4": 38,
      "5": 34,
      "6": 137,
      "7": 148,
      "8": 530,
      "9": 201,
      "10": 0
    }
  },
  "original_model_performance": {
    "average_score": 6.635779816513762,
    "min_score": 1,
    "max_score": 9,
    "score_distribution": {
      "1": 1,
      "2": 1,
      "3": 37,
      "4": 34,
      "5": 136,
      "6": 146,
      "7": 497,
      "8": 194,
      "9": 44,
      "10": 0
    }
  },
  "correlation": 0.9560230838587781
}